Timestamp,Track ID,Direction,Total Boarding,Total Alighting
2026-10-05 20:57:41,Person_1,BOARDING,1,0
2026-10-05 20:57:47,Person_1,ALIGHTING,1,1
2026-10-05 20:57:51,Person_2,BOARDING,2,1
2026-10-05 20:59:43,Person_1,ALIGHTING,0,1
2026-10-05 20:59:46,Person_2,BOARDING,1,1
2026-10-05 20:59:48,Person_2,ALIGHTING,1,2
2026-10-05 20:59:49,Person_2,BOARDING,2,2
2026-10-05 20:59:51,Person_2,ALIGHTING,2,3
2026-10-05 20:59:52,Person_2,BOARDING,3,3
2026-10-05 20:59:54,Person_2,ALIGHTING,3,4
2026-10-05 20:59:55,Person_2,BOARDING,4,4
2026-10-05 20:59:58,Person_2,ALIGHTING,4,5
2026-10-05 21:00:02,Person_3,BOARDING,5,5
2026-10-05 21:00:22,Person_4,ALIGHTING,5,6
2026-10-05 21:01:29,Person_2,BOARDING,1,0
2026-10-05 21:01:31,Person_2,ALIGHTING,1,1
2026-10-05 21:01:45,Person_2,BOARDING,2,1
2026-10-05 21:01:47,Person_2,ALIGHTING,2,2
2026-10-05 21:01:50,Person_2,BOARDING,3,2
2026-10-05 21:01:51,Person_2,ALIGHTING,3,3
2026-10-05 21:03:12,Person_2,BOARDING,1,0
2026-10-05 21:03:33,Person_4,BOARDING,2,0
2026-10-05 21:03:37,Person_4,ALIGHTING,2,1
2026-10-05 21:03:37,Person_4,BOARDING,3,1
2026-10-05 21:03:39,Person_4,ALIGHTING,3,2
2026-10-05 21:03:40,Person_4,BOARDING,4,2
2026-10-05 21:03:42,Person_4,ALIGHTING,4,3
2026-10-05 21:03:42,Person_4,BOARDING,5,3
2026-10-05 21:03:48,Person_4,ALIGHTING,5,4
2026-10-05 21:03:49,Person_4,BOARDING,6,4
2026-10-05 21:03:52,Person_4,ALIGHTING,6,5
2026-10-05 21:03:53,Person_4,BOARDING,7,5
2026-10-05 21:03:54,Person_4,ALIGHTING,7,6
2026-10-05 21:03:56,Person_4,BOARDING,8,6
2026-10-05 21:04:01,Person_4,ALIGHTING,8,7
2026-10-05 21:04:04,Person_4,BOARDING,9,7
2026-10-05 21:04:10,Person_4,ALIGHTING,9,8
2026-10-05 21:04:12,Person_4,BOARDING,10,8
2026-10-05 21:04:16,Person_5,ALIGHTING,10,9
2026-10-05 21:04:17,Person_5,BOARDING,11,9
2026-10-05 21:04:34,Person_5,ALIGHTING,11,10
2026-10-05 21:04:36,Person_5,BOARDING,12,10
2026-10-05 21:04:37,Person_5,ALIGHTING,12,11
2026-10-05 21:04:38,Person_5,BOARDING,13,11
2026-10-05 21:04:39,Person_6,ALIGHTING,13,12
2026-10-05 21:04:40,Person_6,BOARDING,14,12
2026-10-05 21:04:42,Person_6,ALIGHTING,14,13
2026-10-05 21:04:43,Person_6,BOARDING,15,13
2026-10-05 21:05:00,Person_6,ALIGHTING,15,14
2026-10-05 21:05:01,Person_6,BOARDING,16,14
2026-10-05 21:05:03,Person_7,ALIGHTING,16,15
2026-10-05 21:05:04,Person_7,BOARDING,17,15
2026-10-05 21:05:04,Person_7,ALIGHTING,17,16
2026-10-05 21:05:06,Person_7,BOARDING,18,16
2026-10-05 21:05:06,Person_7,ALIGHTING,18,17
2026-10-05 21:05:06,Person_7,BOARDING,19,17
2026-10-05 21:05:11,Person_7,ALIGHTING,19,18
2026-10-05 21:05:20,Person_7,BOARDING,20,18
2026-10-05 21:05:23,Person_7,ALIGHTING,20,19
2026-10-05 21:05:30,Person_7,BOARDING,21,19
2026-10-05 21:05:35,Person_7,ALIGHTING,21,20
2026-10-05 21:05:38,Person_9,ALIGHTING,21,21
2026-10-05 21:05:39,Person_10,ALIGHTING,21,22
2026-10-05 21:05:41,Person_10,BOARDING,22,22
2026-10-05 21:05:41,Person_10,ALIGHTING,22,23
2026-10-05 21:05:41,Person_10,BOARDING,23,23
2026-10-05 21:05:41,Person_10,ALIGHTING,23,24
2026-10-05 21:05:44,Person_10,BOARDING,24,24
2026-10-05 21:05:44,Person_10,ALIGHTING,24,25
2026-10-05 21:05:46,Person_10,BOARDING,25,25
2026-10-05 21:05:47,Person_10,ALIGHTING,25,26
2026-10-05 21:05:48,Person_10,BOARDING,26,26
2026-10-05 21:05:49,Person_10,ALIGHTING,26,27
2026-10-05 21:05:50,Person_10,BOARDING,27,27
2026-10-05 21:05:52,Person_12,BOARDING,28,27
2026-10-05 21:05:56,Person_12,ALIGHTING,28,28
2026-10-05 21:05:56,Person_12,BOARDING,29,28
2026-10-05 21:05:56,Person_12,ALIGHTING,29,29
2026-10-05 21:05:57,Person_12,BOARDING,30,29
2026-10-05 21:05:57,Person_12,ALIGHTING,30,30
2026-10-05 21:05:58,Person_12,BOARDING,31,30
2026-10-05 21:05:59,Person_13,ALIGHTING,31,31
2026-10-05 21:06:00,Person_13,BOARDING,32,31
2026-10-05 21:06:00,Person_13,ALIGHTING,32,32
2026-10-05 21:06:01,Person_13,BOARDING,33,32
2026-10-05 21:06:09,Person_13,ALIGHTING,33,33
2026-10-05 21:06:10,Person_13,BOARDING,34,33
2026-10-05 21:06:10,Person_13,ALIGHTING,34,34
2026-10-05 21:06:11,Person_13,BOARDING,35,34
2026-10-05 21:06:13,Person_13,ALIGHTING,35,35
2026-10-05 21:06:16,Person_13,BOARDING,36,35
2026-10-05 21:06:32,Person_13,ALIGHTING,36,36
2026-10-05 21:06:39,Person_13,BOARDING,37,36
2026-10-05 21:07:04,Person_13,ALIGHTING,37,37
2026-10-05 21:07:05,Person_13,BOARDING,38,37
2026-10-05 21:07:06,Person_13,ALIGHTING,38,38
2026-10-05 21:07:07,Person_13,BOARDING,39,38
2026-10-05 21:07:31,Person_13,ALIGHTING,39,39
2026-10-05 21:07:32,Person_13,BOARDING,40,39
2026-10-05 21:08:20,Person_1,ALIGHTING,0,1
2026-10-05 21:08:32,Person_1,BOARDING,1,1
2026-10-05 21:08:35,Person_1,ALIGHTING,1,2
2026-10-05 21:08:37,Person_1,BOARDING,2,2
2026-10-05 21:08:38,Person_1,ALIGHTING,2,3
2026-10-05 21:08:39,Person_1,BOARDING,3,3
2026-10-05 21:08:40,Person_1,ALIGHTING,3,4
2026-10-05 21:08:42,Person_1,BOARDING,4,4
2026-10-05 21:08:43,Person_1,ALIGHTING,4,5
2026-10-05 21:08:46,Person_1,BOARDING,5,5
2026-10-05 21:08:55,Person_2,ALIGHTING,5,6
2026-10-05 21:12:03,Person_1,BOARDING,1,0
2026-10-05 21:12:04,Person_1,ALIGHTING,1,1
2026-10-05 21:12:07,Person_1,BOARDING,2,1
2026-10-05 21:12:07,Person_1,ALIGHTING,2,2
2026-10-05 21:12:41,Person_1,BOARDING,1,0
2026-10-05 21:12:41,Person_1,ALIGHTING,1,1
2026-10-05 21:15:16,Person_1,BOARDING,1,0
2026-10-05 21:15:17,Person_1,ALIGHTING,1,1
2026-10-05 21:15:29,Person_1,BOARDING,2,1
2026-10-05 21:15:29,Person_1,ALIGHTING,2,2
2026-10-05 21:15:30,Person_1,BOARDING,3,2
2026-10-05 21:15:36,Person_1,ALIGHTING,3,3
2026-10-05 21:15:37,Person_1,BOARDING,4,3
2026-10-05 21:15:37,Person_1,ALIGHTING,4,4
2026-10-05 21:16:48,Person_1,ALIGHTING,0,1
2026-10-05 21:16:49,Person_1,BOARDING,1,1
2026-10-05 21:17:08,Person_1,ALIGHTING,1,2
2026-10-05 21:17:08,Person_1,BOARDING,2,2
2026-10-05 21:17:09,Person_1,ALIGHTING,2,3
2026-10-05 21:17:12,Person_2,BOARDING,3,3
2026-10-05 21:17:12,Person_2,ALIGHTING,3,4
2026-10-05 21:17:12,Person_2,BOARDING,4,4
2026-10-05 21:17:12,Person_2,ALIGHTING,4,5
2026-10-05 21:17:14,Person_2,BOARDING,5,5
2026-10-05 21:17:15,Person_2,ALIGHTING,5,6
2026-10-05 21:17:15,Person_2,BOARDING,6,6
2026-10-05 21:17:21,Person_2,ALIGHTING,6,7
2026-10-05 21:17:22,Person_2,BOARDING,7,7
2026-10-05 21:17:25,Person_3,ALIGHTING,7,8
2026-10-05 21:17:26,Person_3,BOARDING,8,8
2026-10-05 21:17:29,Person_4,ALIGHTING,8,9
2026-10-05 21:17:29,Person_4,BOARDING,9,9
2026-10-05 21:17:41,Person_7,ALIGHTING,9,10
2026-10-05 21:17:42,Person_7,BOARDING,10,10
2026-10-05 21:18:06,Person_7,ALIGHTING,10,11
2026-10-05 21:18:06,Person_7,BOARDING,11,11
2026-10-05 21:18:06,Person_7,ALIGHTING,11,12
2026-10-05 21:18:07,Person_7,BOARDING,12,12
2026-10-05 21:18:13,Person_7,ALIGHTING,12,13
2026-10-05 21:18:13,Person_7,BOARDING,13,13
2026-10-05 21:18:15,Person_7,ALIGHTING,13,14
2026-10-05 21:18:15,Person_7,BOARDING,14,14
2026-10-05 21:18:16,Person_7,ALIGHTING,14,15
2026-10-05 21:18:20,Person_9,ALIGHTING,14,16
2026-10-05 21:18:21,Person_9,BOARDING,15,16
2026-10-05 21:18:22,Person_9,ALIGHTING,15,17
2026-10-05 21:18:22,Person_9,BOARDING,16,17
2026-10-05 21:18:22,Person_9,ALIGHTING,16,18
2026-10-05 21:18:24,Person_9,BOARDING,17,18
2026-10-05 21:18:24,Person_9,ALIGHTING,17,19
2026-10-05 21:18:24,Person_9,BOARDING,18,19
2026-10-05 21:18:24,Person_9,ALIGHTING,18,20
2026-10-05 21:18:24,Person_9,BOARDING,19,20
2026-10-05 21:18:39,Person_13,BOARDING,20,20
2026-10-05 21:18:46,Person_13,ALIGHTING,20,21
2026-10-05 21:19:03,Person_14,ALIGHTING,20,22
2026-10-05 21:19:04,Person_14,BOARDING,21,22
2026-10-05 21:19:05,Person_14,ALIGHTING,21,23
2026-10-05 21:19:06,Person_14,BOARDING,22,23
2026-10-05 21:19:47,Person_1,ALIGHTING,0,1
2026-10-05 21:19:48,Person_1,BOARDING,1,1
2026-10-05 21:19:51,Person_1,ALIGHTING,1,2
2026-10-05 21:19:51,Person_1,BOARDING,2,2
2026-10-05 21:19:56,Person_1,ALIGHTING,2,3
2026-10-05 21:19:56,Person_1,BOARDING,3,3
2026-10-05 21:20:02,Person_2,ALIGHTING,3,4
2026-10-05 21:20:03,Person_2,BOARDING,4,4
2026-10-05 21:20:03,Person_2,ALIGHTING,4,5
2026-10-05 21:20:04,Person_2,BOARDING,5,5
2026-10-05 21:20:08,Person_3,ALIGHTING,5,6
2026-10-05 21:20:08,Person_3,BOARDING,6,6
2026-10-05 21:20:08,Person_3,ALIGHTING,6,7
2026-10-05 21:20:08,Person_3,BOARDING,7,7
2026-10-05 21:20:10,Person_3,ALIGHTING,7,8
2026-10-05 21:20:10,Person_3,BOARDING,8,8
2026-10-05 21:20:10,Person_3,ALIGHTING,8,9
2026-10-05 21:20:10,Person_3,BOARDING,9,9
2026-10-05 21:20:12,Person_3,ALIGHTING,9,10
2026-10-05 21:20:13,Person_3,BOARDING,10,10
2026-10-05 21:20:15,Person_3,ALIGHTING,10,11
2026-10-05 21:20:16,Person_3,BOARDING,11,11
2026-10-05 21:20:17,Person_3,ALIGHTING,11,12
2026-10-05 21:20:18,Person_3,BOARDING,12,12
2026-10-05 21:20:19,Person_4,BOARDING,13,12
2026-10-05 21:20:19,Person_3,BOARDING,14,12
2026-10-05 21:20:22,Person_3,BOARDING,15,12
2026-10-05 21:20:22,Person_3,ALIGHTING,15,13
2026-10-05 21:20:23,Person_3,BOARDING,16,13
2026-10-05 21:20:24,Person_3,ALIGHTING,16,14
2026-10-05 21:20:25,Person_3,BOARDING,17,14
2026-10-05 21:20:26,Person_3,ALIGHTING,17,15
2026-10-05 21:20:29,Person_3,ALIGHTING,17,16
2026-10-05 21:20:30,Person_3,BOARDING,18,16
2026-10-05 21:20:30,Person_3,ALIGHTING,18,17
2026-10-05 21:20:31,Person_3,BOARDING,19,17
2026-10-05 21:20:31,Person_3,ALIGHTING,19,18
2026-10-05 21:20:32,Person_3,BOARDING,20,18
2026-10-05 21:20:32,Person_3,ALIGHTING,20,19
2026-10-05 21:20:33,Person_3,BOARDING,21,19
2026-10-05 21:20:34,Person_3,ALIGHTING,21,20
2026-10-05 21:20:35,Person_3,BOARDING,22,20
2026-10-05 21:20:36,Person_3,ALIGHTING,22,21
2026-10-05 21:20:37,Person_3,BOARDING,23,21
