Timestamp,Track ID,Direction,Total Right,Total Left
2026-10-06 14:01:06,Person_2,RIGHT,0,1
2026-10-06 14:01:11,Person_2,LEFT,1,1
2026-10-06 14:01:16,Person_2,RIGHT,1,2
2026-10-06 14:01:19,Person_2,LEFT,2,2
2026-10-06 14:01:25,Person_2,RIGHT,2,3
2026-10-06 14:01:26,Person_2,LEFT,3,3
2026-10-06 14:01:26,Person_2,RIGHT,3,4
2026-10-06 14:04:27,Person_1,RIGHT,1,0
2026-10-06 14:04:27,Person_2,RIGHT,2,0
2026-10-06 14:04:29,Person_1,LEFT,2,1
2026-10-06 14:04:29,Person_2,LEFT,2,2
2026-10-06 14:04:31,Person_2,RIGHT,3,2
2026-10-06 14:04:31,Person_1,RIGHT,4,2
2026-10-06 14:04:33,Person_1,LEFT,4,3
2026-10-06 14:04:34,Person_2,LEFT,4,4
2026-10-06 14:04:45,Person_3,RIGHT,5,4
2026-10-06 14:04:46,Person_1,RIGHT,6,4
2026-10-06 14:04:46,Person_2,RIGHT,7,4
2026-10-06 14:04:47,Person_4,RIGHT,8,4
2026-10-06 14:09:06,Person_1,LEFT,0,1
2026-10-06 14:09:07,Person_1,RIGHT,1,1
2026-10-06 14:09:07,Person_1,LEFT,1,2
2026-10-06 14:09:07,Person_1,RIGHT,2,2
2026-10-06 14:09:09,Person_1,LEFT,2,3
2026-10-06 14:09:10,Person_1,RIGHT,3,3
2026-10-06 14:10:37,Person_1,RIGHT,0,1
2026-10-06 14:10:38,Person_1,LEFT,1,1
2026-10-06 14:10:40,Person_1,RIGHT,1,2
2026-10-06 14:10:41,Person_1,LEFT,2,2
2026-10-06 14:10:44,Person_1,RIGHT,2,3
2026-10-06 14:10:44,Person_1,LEFT,3,3
2026-10-06 14:10:44,Person_1,RIGHT,3,4
2026-10-06 14:10:46,Person_1,LEFT,4,4
2026-10-06 14:10:46,Person_1,RIGHT,4,5
2026-10-06 14:10:47,Person_1,LEFT,5,5
2026-10-06 14:10:51,Person_1,RIGHT,5,6
2026-10-06 14:10:51,Person_1,LEFT,6,6
2026-10-06 14:10:51,Person_1,RIGHT,6,7
2026-10-06 14:10:52,Person_1,LEFT,7,7
2026-10-06 14:10:52,Person_1,RIGHT,7,8
2026-10-06 14:10:53,Person_1,LEFT,8,8
2026-10-06 14:10:54,Person_1,RIGHT,8,9
2026-10-06 14:10:57,Person_1,LEFT,9,9
2026-10-06 14:10:57,Person_1,RIGHT,9,10
2026-10-06 14:10:57,Person_1,LEFT,10,10
2026-10-06 14:10:58,Person_1,RIGHT,10,11
2026-10-06 14:10:58,Person_1,LEFT,11,11
2026-10-06 14:10:58,Person_1,RIGHT,11,12
2026-10-06 14:10:59,Person_1,LEFT,12,12
2026-10-06 14:11:00,Person_1,RIGHT,12,13
2026-10-06 14:11:02,Person_1,LEFT,13,13
2026-10-06 14:11:03,Person_1,RIGHT,13,14
